#Sun Feb 21 13:52:58 PST 2016
spectraenergy=Spectra Energy Corp
northeast=Northeast Utilities
ppl=PPL Corporation
celgene=Celgene Corporation
thetjxcompanies=The TJX Companies, Inc.
theandersons=The Andersons, Inc.
avnet=Avnet, Inc.
exelis=Exelis Inc.
philipmorrisinternational=Philip Morris International Inc.
dollargeneral=Dollar General Corporation
rydersystem=Ryder System, Inc.
carmax=CarMax, Inc.
pricelinecom=priceline.com Incorporated
edison=Edison International
henryschein=Henry Schein, Inc.
ncr=NCR Corporation
chartercommunications=Charter Communications, Inc.
unitedtechnologies=United Technologies Corporation
hertzglobalholdings=Hertz Global Holdings, Inc.
synnex=Synnex Corporation
kindredhealthcare=Kindred Healthcare, Inc.
smithfieldfoods=Smithfield Foods, Inc.
viacom=Viacom Inc.
trwautomotiveholdings=TRW Automotive Holdings Corp.
unitedstationers=United Stationers Inc.
teachers=Teachers Insurance and Annuity Association College Retiremen
dillard\uFFFDs=Dillard\uFFFDs, Inc.
crownholdings=Crown Holdings, Inc.
praxair=Praxair, Inc.
prudentialfinancial=Prudential Financial, Inc.
archer-daniels-midland=Archer-Daniels-Midland Company
sandisk=SanDisk Corporation
sysco=Sysco Corporation
thepantry=The Pantry, Inc.
kkr&co=KKR & Co. L.P.
manpowergroup=ManpowerGroup Inc.
libertyglobal=Liberty Global, Inc.
pg&e=PG&E Corporation
vf=V.F. Corporation
familydollarstores=Family Dollar Stores, Inc.
intlfcstone=INTL FCStone Inc.
dick\uFFFDssportinggoods=Dick\uFFFDs Sporting Goods, Inc.
google=Google Inc.
lando\uFFFDlakes=Land O\uFFFDLakes, Inc.
ugi=UGI Corporation
mckesson=McKesson Corporation
core-markholdingcompany=Core-Mark Holding Company, Inc.
chevron=Chevron Corporation
theinterpublicgroupofcompanies=The Interpublic Group of Companies, Inc.
footlocker=Foot Locker, Inc.
bb&t=BB&T Corporation
principalfinancialgroup=Principal Financial Group, Inc.
owens=Owens Corning
theesteelaudercompanies=The Estee Lauder Companies Inc.
tenethealthcare=Tenet Healthcare Corporation
us=U.S. Bancorp
textron=Textron Inc.
broadcom=Broadcom Corporation
yahoo=Yahoo\! Inc.
facebook=Facebook, Inc.
alphanaturalresources=Alpha Natural Resources, Inc.
group1automotive=Group 1 Automotive, Inc.
dardenrestaurants=Darden Restaurants, Inc.
allyfinancial=Ally Financial Inc.
halliburton=Halliburton Company
unitedcontinentalholdings=United Continental Holdings, Inc.
thegoldmansachsgroup=The Goldman Sachs Group, Inc.
leucadianational=Leucadia National Corporation
centurylink=CenturyLink, Inc.
ameriprisefinancial=Ameriprise Financial, Inc.
symantec=Symantec Corporation
jarden=Jarden Corporation
genworthfinancial=Genworth Financial , Inc.
thewesternunion=The Western Union Company
csx=CSX Corporation
aflac=Aflac Incorporated
enterpriseproductspartners=Enterprise Products Partners L.P.
morgan=Morgan Stanley
americanfinancialgroup=American Financial Group, Inc.
kellyservices=Kelly Services, Inc.
con-way=Con-way Inc.
chesapeakeenergy=Chesapeake Energy Corporation
deltaairlines=Delta Air Lines, Inc.
actavis=Actavis, Inc.
assurant=Assurant, Inc.
marriottinternational=Marriott International, Inc.
telephoneanddatasystems=Telephone and Data Systems, Inc.
level3communications=Level 3 Communications, Inc.
timewarnercable=Time Warner Cable Inc.
wastemanagement=Waste Management, Inc.
omnicare=Omnicare, Inc.
nisource=NiSource Inc.
discoverfinancial=Discover Financial Services
libertymutualholdingcompany=Liberty Mutual Holding Company Inc.
laboratorycorporationofamerica=Laboratory Corporation of America Holdings
sprintnextel=Sprint Nextel Corporation
raytheon=Raytheon Company
eogresources=EOG Resources, Inc.
thechubb=The Chubb Corporation
hess=Hess Corporation
campbellsoup=Campbell Soup Company
ebay=eBay Inc.
universalhealthservices=Universal Health Services, Inc.
republicservices=Republic Services, Inc.
deere&=Deere & Company
nash-finch=Nash-Finch Company
thecoca-cola=The Coca-Cola Company
kellogg=Kellogg Company
freeport-mcmorancopper&gold=Freeport-McMoRan Copper & Gold Inc.
allergan=Allergan, Inc.
cfindustriesholdings=CF Industries Holdings, Inc.
arrowelectronics=Arrow Electronics, Inc
aramark=Aramark Corporation
kimberly-clark=Kimberly-Clark Corporation
spx=SPX Corporation
ch2mhillcompanies=CH2M HILL Companies, Ltd.
agco=AGCO Corporation
caterpillar=Caterpillar Inc.
wellcarehealthplans=WellCare Health Plans, Inc.
chrobinsonworldwide=C. H. Robinson Worldwide, Inc.
cigna=CIGNA Corporation
susserholdings=Susser Holdings Corporation
o\uFFFDreillyautomotive=O\uFFFDReilly Automotive, Inc.
computersciences=Computer Sciences Corporation
enbridgeenergypartners=Enbridge Energy Partners, L.P.
mohawkindustries=Mohawk Industries, Inc.
americaninternationalgroup=American International Group, Inc.
parker-hannifin=Parker-Hannifin Corporation
sempra=Sempra Energy
lowe\uFFFDscompanies=Lowe\uFFFDs Companies, Inc.
corning=Corning Incorporated
cablevisionsystems=Cablevision Systems Corporation
staples=Staples, Inc.
honeywellinternational=Honeywell International Inc.
centerpointenergy=CenterPoint Energy, Inc.
reynoldsamerican=Reynolds American Inc.
illinoistoolworks=Illinois Tool Works Inc.
mrcglobal=MRC Global Inc.
thekroger=The Kroger Company
apple=Apple, Inc.
norfolksouthern=Norfolk Southern Corporation
thejonesfinancial=The Jones Financial Companies,L.L.L.P.
xerox=Xerox Corporation
alleghenytechnologies=Allegheny Technologies Incorporated
generalelectric=General Electric Company
pepsico=PepsiCo, Inc.
tesoro=Tesoro Corporation
theshawgroup=The Shaw Group Inc.
publicserviceenterprisegroup=Public Service Enterprise Group Incorporated
coventryhealthcare=Coventry Health Care, Inc.
celanese=Celanese Corporation
cbregroup=CBRE Group, Inc.
kraftfoodsgroup=Kraft Foods Group, Inc.
cameroninternational=Cameron International Corporation
entergy=Entergy Corporation
plainsallamericanpipeline=Plains All American Pipeline, L.P.
franklinresources=Franklin Resources, Inc.
paccar=PACCAR Inc
theboeing=The Boeing Company
the=The Bank of New York Mellon Corporation
motorolasolutions=Motorola Solutions, Inc.
thehomedepot=The Home Depot, Inc.
molinahealthcare=Molina Healthcare, Inc.
airproducts&chemicals=Air Products & Chemicals, Inc.
oldrepublicinternational=Old Republic International Corporation
mylan=Mylan Inc.
nucor=Nucor Corporation
livenationentertainment=Live Nation Entertainment, Inc.
huntsman=Huntsman Corporation
bectondickinsonand=Becton, Dickinson and Company
aecomtechnology=AECOM Technology Corporation
domtar=Domtar Corporation
dteenergy=DTE Energy Company
amgen=Amgen Inc.
consolidatededison=Consolidated Edison, Inc.
hewlett-packard=Hewlett-Packard Company
windstream=Windstream Corporation
jpmorganchase&=J.P. Morgan Chase & Co.
harley-davidson=Harley-Davidson, Inc.
nexteraenergy=NextEra Energy, Inc.
autoliv=Autoliv, Inc.
toys\uFFFDr\uFFFDus=Toys \uFFFDR\uFFFD Us, Inc.
reinsurancegroupofamerica=Reinsurance Group of America, Incorporated
ralphlauren=Ralph Lauren Corporation
saic=SAIC, Inc.
nationaloilwellvarco=National Oilwell Varco, Inc.
avisbudgetgroup=Avis Budget Group, Inc.
devonenergy=Devon Energy Corporation
unionpacific=Union Pacific Corporation
ecolab=Ecolab Inc.
anadarkopetroleum=Anadarko Petroleum Corporation
at&t=AT&T Inc.
fannie=Fannie Mae
mondelezinternational=Mondelez International, Inc.
penskeautomotivegroup=Penske Automotive Group, Inc.
northwesternmutuallifeinsurance=Northwestern Mutual Life Insurance Company,Inc.
slm=SLM Corporation
thesouthern=The Southern Company
tysonfoods=Tyson Foods, Inc.
officemax=OfficeMax Incorporated
icahnenterprises=Icahn Enterprises L.P.
ingrammicro=Ingram Micro Inc.
unitedparcelservice=United Parcel Service, Inc.
abbott=Abbott Laboratories
publixsupermarkets=Publix Super Markets, Inc.
cvscaremark=CVS Caremark Corporation
erieinsurance=Erie Insurance Group
blackrock=BlackRock, Inc.
unitednaturalfoods=United Natural Foods, Inc.
merck&co=Merck & Co., Inc.
lbrands=L Brands, Inc.
hollyfrontier=HollyFrontier Corporation
genuineparts=Genuine Parts Company
northropgrumman=Northrop Grumman Corporation
visa=Visa Inc.
huntingtoningallsindustries=Huntington Ingalls Industries, Inc.
macy\uFFFDs=Macy\uFFFDs, Inc.
walgreen=Walgreen Co.
mgmresorts=MGM Resorts International
texasinstruments=Texas Instruments Incorporated
aetna=Aetna Inc.
dukeenergy=Duke Energy Corporation
sealedair=Sealed Air Corporation
peterkiewitsons\uFFFD=Peter Kiewit Sons\uFFFD, Inc.
statefarminsurance=State Farm Insurance Cos.
precisioncastparts=Precision Castparts Corp.
thegoodyeartire&rubber=The Goodyear Tire & Rubber Company
medtronic=Medtronic, Inc.
bestbuyco=Best Buy Co., Inc.
simonpropertygroup=Simon Property Group, Inc.
newmontmining=Newmont Mining Corporation
dominionresources=Dominion Resources, Inc.
johnsoncontrols=Johnson Controls, Inc.
searsholdings=Sears Holdings Corporation
citigroup=Citigroup Inc.
nordstrom=Nordstrom, Inc.
lasvegassands=Las Vegas Sands Corp.
wellsfargo&=Wells Fargo & Company
thewaltdisney=The Walt Disney Company
rockwellautomation=Rockwell Automation, Inc.
thewilliamscompanies=The Williams Companies, Inc.
nike=Nike, Inc.
yrcworldwide=YRC Worldwide Inc.
fedex=FedEx Corporation
lockheedmartin=Lockheed Martin Corporation
generalcable=General Cable Corporation
auto-ownersinsurance=Auto-Owners Insurance Group
timewarner=Time Warner Inc.
baxterinternational=Baxter International Inc.
bristol-myerssquibb=Bristol-Myers Squibb Company
gamestop=GameStop Corp.
riteaid=Rite Aid Corporation
avaya=Avaya Inc.
owens&minor=Owens & Minor, Inc.
hcaholdings=HCA Holdings, Inc.
wynnresorts=Wynn Resorts, Limited
themosaic=The Mosaic Company
l-3communicationsholdings=L-3 Communications Holdings, Inc.
newyorklifeinsurance=New York Life Insurance Company
bakerhughes=Baker Hughes Incorporated
fidelitynationalinformationservices=Fidelity National Information Services, Inc.
generalmills=General Mills, Inc.
insightenterprises=Insight Enterprises, Inc.
expeditorsinternationalofwashington=Expeditors International of Washington, Inc.
coca-colaenterprises=Coca-Cola Enterprises, Inc.
mastercard=MasterCard Incorporated
directv=DIRECTV
hosthotels&resorts=Host Hotels & Resorts, Inc.
oracle=Oracle Corporation
communityhealthsystems=Community Health Systems, Inc.
expressscriptsholding=Express Scripts Holding Company
metropcscommunications=MetroPCS Communications, Inc.
ball=Ball Corporation
statestreet=State Street Corporation
casey\uFFFDsgeneralstores=Casey\uFFFDs General Stores, Inc.
jetblueairways=JetBlue Airways Corporation
emersonelectric=Emerson Electric Co.
travelcentersofamerica=TravelCenters of America LLC
monsanto=Monsanto Company
steeldynamics=Steel Dynamics, Inc.
lear=Lear Corporation
marsh&mclennancompanies=Marsh & McLennan Companies, Inc.
southwestairlines=Southwest Airlines Co.
wholefoodsmarket=Whole Foods Market, Inc.
unitedservicesautomobile=United Services Automobile Association
frontiercommunications=Frontier Communications Corporation
thegap=The Gap, Inc.
internationalpaper=International Paper Company
aksteelholding=AK Steel Holding Corporation
biogenidec=Biogen Idec Inc.
cummins=Cummins Inc.
caesarsentertainment=Caesars Entertainment Corporation
officedepot=Office Depot, Inc.
deanfoods=Dean Foods Company
firstdata=First Data Corporation
questdiagnostics=Quest Diagnostics Incorporated
wal-martstores=Wal-Mart Stores, Inc.
thetimken=The Timken Company
chs=CHS Inc.
ashland=Ashland Inc.
cliffsnaturalresources=Cliffs Natural Resources Inc.
cardinalhealth=Cardinal Health, Inc.
commercialmetals=Commercial Metals Company
thehartfordfinancialservicesgroup=The Hartford Financial Services Group, Inc.
costcowholesale=Costco Wholesale Corporation
quantaservices=Quanta Services, Inc.
spectrumgroupinternational=Spectrum Group International, Inc.
nrgenergy=NRG Energy, Inc.
ppgindustries=PPG Industries, Inc.
tenneco=Tenneco Inc.
thetravelerscompanies=The Travelers Companies, Inc.
niiholdings=NII Holdings, Inc.
globalpartners=Global Partners LP
theclorox=The Clorox Company
hdsupply=HD Supply, Inc.
firstenergy=FirstEnergy Corp.
fifththird=Fifth Third Bancorp
davitahealthcarepartners=DaVita HealthCare Partners Inc.
urs=URS Corporation
theprogressive=The Progressive Corporation
rrdonnelley&sons=R.R. Donnelley & Sons Company
oneok=Oneok, Inc.
energytransferequity=Energy Transfer Equity, L.P.
dolefoodcompany=Dole Food Company, Inc.
elilillyand=Eli Lilly and Company
avonproducts=Avon Products, Inc.
conagrafoods=ConAgra Foods, Inc.
drpeppersnapplegroup=Dr Pepper Snapple Group, Inc.
advanceautoparts=Advance Auto Parts, Inc.
masco=Masco Corporation
danaher=Danaher Corporation
dover=Dover Corporation
humana=Humana Inc.
omnicomgroup=Omnicom Group Inc.
comcast=Comcast Corporation
consolenergy=CONSOL Energy Inc.
unitedstatessteel=United States Steel Corporation
agilenttechnologies=Agilent Technologies, Inc.
intel=Intel Corporation
averydennison=Avery Dennison Corporation
massachusettsmutuallifeinsurance=Massachusetts Mutual Life Insurance Company
visteon=Visteon Corporation
microsoft=Microsoft Corporation
danaholding=Dana Holding Corporation
loews=Loews Corporation
autozone=AutoZone, Inc.
colgate-palmolive=Colgate-Palmolive Company
anixterinternational=Anixter International Inc.
fmctechnologies=FMC Technologies, Inc.
freddie=Freddie Mac
pacific=Pacific Life
americanfamilyins=American Family Ins. Group
sanmina=Sanmina
generalmotors=General Motors Company
verizoncommunications=Verizon Communications Inc.
metlife=MetLife, Inc.
sonicautomotive=Sonic Automotive, Inc.
meadwestvaco=MeadWestvaco Corporation
berkshirehathaway=Berkshire Hathaway Inc.
energyfutureholdings=Energy Future Holdings Corp.
borgwarner=BorgWarner Inc.
kindermorgan=Kinder Morgan, Inc.
generaldynamics=General Dynamics Corporation
wrberkley=W.R. Berkley Corporation
harris=Harris Corporation
nationwidemutualinsurance=Nationwide Mutual Insurance Co.
altriagroup=Altria Group, Inc.
themcgraw-hillcompanies=The McGraw-Hill Companies, Inc.
joyglobal=Joy Global Inc.
internationalbusinessmachines=International Business Machines Corporation
suntrustbanks=SunTrust Banks, Inc.
amazoncom=Amazon.com, Inc.
regionsfinancial=Regions Financial Corporation
techdata=Tech Data Corporation
marathonoil=Marathon Oil Corporation
westerndigital=Western Digital Corporation
thecharlesschwab=The Charles Schwab Corporation
starbucks=Starbucks Corporation
cdw=CDW Corporation
thriventfinancialfor=Thrivent Financial for Lutherans
pvh=PVH Corp.
nustarenergy=NuStar Energy L.P.
mcdonald\uFFFDs=McDonald\uFFFDs Corporation
wwgrainger=W.W. Grainger, Inc.
murphyoil=Murphy Oil Corporation
graybarelectriccompany=Graybar Electric Company, Inc.
exelon=Exelon Corporation
stryker=Stryker Corporation
ei=E.I. du Pont de Nemours and Company
unitedhealthgroup=UnitedHealth Group Incorporated
yumbrands=Yum\! Brands, Inc.
thesherwin-williams=The Sherwin-Williams Company
thermofisherscientific=Thermo Fisher Scientific Inc.
stjudemedical=St. Jude Medical, Inc.
hjheinz=H.J. Heinz Company
3m=3M Company
vanguardhealthsystems=Vanguard Health Systems, Inc.
westernrefining=Western Refining, Inc.
thedowchemical=The Dow Chemical Company
ccmediaholdings=CC Media Holdings, Inc.
emcorgroup=EMCOR Group, Inc.
wescointernational=WESCO International, Inc.
hillshirebrands=Hillshire Brands Company
mutualofomahainsurance=Mutual of Omaha Insurance Company
lincolnnational=Lincoln National Corporation
cognizanttechnologysolutions=Cognizant Technology Solutions Corporation
western&southernmutualholding=Western & Southern Mutual Holding Company
microntechnology=Micron Technology, Inc.
marathonpetroleum=Marathon Petroleum Corporation
alcoa=Alcoa Inc.
hormelfoods=Hormel Foods Corporation
kbr=KBR, Inc.
jabilcircuit=Jabil Circuit, Inc.
pepcoholdings=Pepco Holdings, Inc.
apache=Apache Corporation
cmsenergy=CMS Energy Corporation
bostonscientific=Boston Scientific Corporation
autonation=AutoNation, Inc.
dollartree=Dollar Tree, Inc.
ciscosystems=Cisco Systems, Inc.
bemiscompany=Bemis Company, Inc.
oshkosh=Oshkosh Corporation
kohl\uFFFDs=Kohl\uFFFDs Corporation
americanelectricpowercompany=American Electric Power Company, Inc.
cbs=CBS Corporation
dell=Dell Inc.
bedbath&beyond=Bed Bath & Beyond Inc.
fidelitynationalfinancial=Fidelity National Financial, Inc.
jcpenneycompany=J.C. Penney Company, Inc.
owens-illinois=Owens-Illinois, Inc.
qualcomm=Qualcomm Incorporated
conocophillips=ConocoPhillips
ca=CA, Inc.
healthmanagementassociates=Health Management Associates, Inc.
advancedmicrodevices=Advanced Micro Devices, Inc.
guardianlifeinscoof=Guardian Life Ins. Co. of America
boozallenhamiltonholding=Booz Allen Hamilton Holding Corp.
biglots=Big Lots, Inc.
newellrubbermaid=Newell Rubbermaid Inc.
rock-tenn=Rock-Tenn Company
gannettco=Gannett Co., Inc.
automaticdataprocessing=Automatic Data Processing, Inc.
xcelenergy=Xcel Energy Inc.
peabodyenergy=Peabody Energy Corporation
fluor=Fluor Corporation
weyerhaeuser=Weyerhaeuser Company
libertyinteractive=Liberty Interactive Corporation
fordmotor=Ford Motor Company
exxonmobil=Exxon Mobil Corporation
theallstate=The Allstate Corporation
seaboard=Seaboard Corporation
petsmart=PetSmart, Inc.
amerisourcebergen=AmerisourceBergen Corp.
amr=AMR Corporation
supervalu=Supervalu Inc.
thehershey=The Hershey Company
unum=Unum Group
bankofamerica=Bank of America Corporation
johnson&=Johnson & Johnson
emc=EMC Corporation
valeroenergy=Valero Energy Corporation
gileadsciences=Gilead Sciences, Inc.
capitalonefinancial=Capital One Financial Corporation
theaes=The AES Corporation
navistarinternational=Navistar International Corporation
jbhunttransportservices=J.B. Hunt Transport Services, Inc.
starwoodhotels&resortsworldwide=Starwood Hotels & Resorts Worldwide, Inc.
netapp=NetApp, Inc.
centene=Centene Corporation
appliedmaterials=Applied Materials, Inc.
phillips=Phillips 66
barnes&noble=Barnes & Noble, Inc.
dishnetwork=DISH Network Corporation
safeway=Safeway Inc.
pfizer=Pfizer Inc.
wellpoint=WellPoint, Inc.
reliancesteel&aluminum=Reliance Steel & Aluminum Co.
thejmsmucker=The J.M. Smucker Company
ingredion=Ingredion Incorporated
target=Target Corporation
americanexpress=American Express Company
rossstores=Ross Stores, Inc.
targaresources=Targa Resources Corp.
jacobsengineeringgroup=Jacobs Engineering Group Inc.
usairwaysgroup=US Airways Group, Inc.
terex=Terex Corporation
thepncfinancialservicesgroup=The PNC Financial Services Group, Inc.
eastmanchemical=Eastman Chemical Company
theprocter&gamble=The Procter & Gamble Company
pbfenergy=PBF Energy Inc.
pitneybowes=Pitney Bowes Inc.
ameren=Ameren Corporation
news=News Corporation
whirlpool=Whirlpool Corporation
occidentalpetroleum=Occidental Petroleum Corporation
healthnet=Health Net, Inc.
calpine=Calpine Corporation
worldfuelservices=World Fuel Services Corporation
stanleyblack&decker=Stanley Black & Decker, Inc.
mattel=Mattel, Inc.
